{"cameraMode":{"drawMode":0,"name":"Shaded","section":"Shading Mode"},"sceneLighting":false,"audioPlay":false,"sceneViewState":{"showFog":true,"showMaterialUpdate":false,"showSkybox":true,"showFlares":true,"showImageEffects":true,"showParticleSystems":true},"in2DMode":false,"pivot":{"x":14.13739013671875,"y":0.3921785354614258,"z":9.254907608032227},"rotation":{"x":0.0030044701416045429,"y":0.9087321162223816,"z":-0.4173242151737213,"w":0.006544521078467369},"size":5.400017261505127,"orthographic":false}